<?xml version="1.0" encoding="UTF-8"?>
<project-private xmlns="http://www.netbeans.org/ns/project-private/1">
    <editor-bookmarks xmlns="http://www.netbeans.org/ns/editor-bookmarks/2" lastBookmarkId="0"/>
    <open-files xmlns="http://www.netbeans.org/ns/projectui-open-files/2">
        <group>
            <file>file:/C:/Users/Teacher/Desktop/MAHB/CSE2016.4/StudentsIDSeperator/src/studentsidseperator/FXMLDocumentController.java</file>
            <file>file:/C:/Users/Teacher/Desktop/MAHB/CSE2016.4/StudentsIDSeperator/src/studentsidseperator/FXMLDocument.fxml</file>
            <file>file:/C:/Users/Teacher/Desktop/MAHB/CSE2016.4/StudentsIDSeperator/src/studentsidseperator/StudentsIDSeperator.java</file>
        </group>
    </open-files>
</project-private>
